"";"Actual";"Predicted";"Error"
"1";1650000;1115348,1674566;534651,832543403
"4";2500000;2387672,5598711;112327,440128896
"17";822000;583828,175601639;238171,824398361
"19";1475000;1587731,27944701;-112731,279447007
"20";677000;1231214,50835882;-554214,508358815
"23";395000;363718,014799099;31281,9852009008
"24";1610000;1579568,15015886;30431,8498411418
"27";1825000;2022655,30699338;-197655,306993384
"28";890000;954892,730332336;-64892,7303323359
"39";2170000;1499117,59964758;670882,400352416
"44";3520000;1798718,22355124;1721281,77644876
"53";395000;455746,696795025;-60746,6967950246
"64";1310000;1258452,43304548;51547,5669545217
"66";1300000;1364103,97212835;-64103,9721283482
"73";370000;324605,035229473;45394,9647705266
"75";1820000;1358847,20708956;461152,79291044
"93";1045000;1137983,65654561;-92983,6565456116
"97";901000;946986,014435623;-45986,0144356231
"102";465000;485360,329056893;-20360,3290568925
"109";1505000;1592917,44580725;-87917,4458072472
"110";908000;1237475,59042891;-329475,590428908
"116";1014000;932771,110828138;81228,8891718623
"131";3270000;2258333,69711938;1011666,30288062
"133";378000;396489,966817593;-18489,9668175927
"134";801000;1133787,16184993;-332787,161849929
"140";830000;896012,135955708;-66012,1359557079
"142";523000;642948,77957342;-119948,77957342
"144";1200000;1219192,40141155;-19192,4014115511
"147";940000;1226356,98750867;-286356,987508667
"157";1035000;1051805,58117982;-16805,5811798226
"163";1010000;1128535,60944035;-118535,609440352
"175";630000;484292,472463073;145707,527536927
"177";1130000;1174060,70934124;-44060,7093412438
"180";899000;943683,874095561;-44683,8740955607
"181";1291000;1190471,58448059;100528,415519412
"193";1535000;1617072,3071295;-82072,3071295007
"196";662000;802660,963250479;-140660,963250479
"198";503000;619446,373194689;-116446,373194689
"200";700000;1151530,96410264;-451530,964102644
"203";892000;1110965,5502561;-218965,550256095
"205";1286000;1130766,35423166;155233,645768336
"206";3512500;1922743,92996881;1589756,07003119
"207";981000;1047339,06512489;-66339,065124894
"210";815500;697015,074950872;118484,925049128
"216";285000;118964,944273138;166035,055726862
"217";500000;487980,532313182;12019,4676868177
"221";2210000;1830670,94070075;379329,059299252
"222";502500;647057,851279053;-144557,851279053
"228";1336000;1806818,96340148;-470818,963401481
"229";256500;243152,635995873;13347,3640041269
"231";355000;346699,861084463;8300,13891553733
"238";910000;884213,302177786;25786,6978222141
"240";600000;736131,883320084;-136131,883320084
"241";680000;774297,180389988;-94297,1803899882
"243";620000;813824,267963384;-193824,267963384
"250";956000;1277267,07848365;-321267,078483646
"254";1080000;1516488,12976455;-436488,129764553
"257";533000;464725,55601225;68274,4439877496
"262";787000;468804,768805435;318195,231194565
"263";1802100;1776775,39478198;25324,6052180186
"265";490000;622518,172115938;-132518,172115938
"272";640000;658004,069597578;-18004,0695975778
"276";275000;295342,304698797;-20342,3046987968
"279";1410000;1700341,56826662;-290341,568266624
"281";2265000;1342805,0082787;922194,991721303
"282";940000;1323180,64098555;-383180,640985552
"283";720000;653236,09186534;66763,9081346599
"291";1073000;901631,361214511;171368,638785489
"294";1680000;2074023,16276371;-394023,16276371
"307";1012000;1072020,13413027;-60020,1341302746
"309";522500;156308,858396099;366191,141603901
"320";3225000;2177754,68920188;1047245,31079812
"331";930000;1190711,39428569;-260711,39428569
"340";1300000;1677361,7308366;-377361,730836604
"345";900000;1336364,79144248;-436364,791442479
"348";1388800;1849617,97975744;-460817,979757443
"349";535000;683951,67571287;-148951,67571287
"354";1465000;810279,094761158;654720,905238842
"361";815000;780173,065481986;34826,9345180143
"367";553500;470589,889671525;82910,1103284752
"380";642000;821425,688555316;-179425,688555316
"391";770000;980367,265268302;-210367,265268302
"394";640000;561910,936917093;78089,0630829072
"397";505000;947833,493109286;-442833,493109286
"398";827500;1337756,51265715;-510256,512657155
"399";910000;999033,052478761;-89033,0524787614
"406";631500;666364,69535298;-34864,6953529804
"411";540000;591961,744345256;-51961,7443452555
"424";650000;961394,241030838;-311394,241030838
"430";526000;1127280,35265522;-601280,352655218
"435";780000;834293,678111813;-54293,6781118133
"445";660000;614794,052059167;45205,9479408329
"447";921500;993982,444208858;-72482,4442088576
"449";1540000;1353021,69521416;186978,304785842
"452";610000;469463,056586708;140536,943413292
"455";702000;946505,643345885;-244505,643345885
"456";1500000;1532998,40409179;-32998,4040917875
"465";1105000;1739316,75616336;-634316,75616336
"479";885000;1209063,27274372;-324063,272743721
"481";2810000;2577509,82196202;232490,178037984
"482";660000;599876,319370952;60123,6806290485
"485";352500;484478,052193225;-131978,052193225
"491";740000;726913,323184278;13086,6768157221
"497";1433500;1279888,11898728;153611,881012722
"499";561000;695189,282526992;-134189,282526992
"500";1950000;1649018,84757463;300981,152425373
"501";1100000;1374348,68377087;-274348,683770871
"505";906000;1587975,3947938;-681975,394793801
"519";705000;384020,53597677;320979,46402323
"520";645000;864173,325435492;-219173,325435492
"521";1474000;1435429,91842249;38570,0815775115
"526";870000;962678,213610006;-92678,2136100065
"529";2415000;1823878,49756592;591121,502434076
"530";1340000;1640380,03972037;-300380,039720372
"536";700000;1140442,45793352;-440442,45793352
"540";645000;922486,917735386;-277486,917735386
"543";1040000;1171147,54011705;-131147,540117053
"546";605000;851175,958635214;-246175,958635214
"547";928500;1515956,81081061;-587456,810810612
"549";820000;1351692,98968377;-531692,989683768
"554";1641000;1292451,34243037;348548,657569633
"558";2050000;1549385,40078111;500614,599218893
"562";800000;1026133,05839647;-226133,058396468
"563";1340000;1647591,10354559;-307591,103545588
"566";1205000;2260547,1921494;-1055547,1921494
"570";782000;611627,629614655;170372,370385345
"576";735000;911210,71871113;-176210,71871113
"577";1900000;1374715,08197177;525284,918028226
"582";1326000;1807606,99008349;-481606,990083489
"587";270000;69472,0000897869;200527,999910213
"598";740000;923095,906638307;-183095,906638307
"606";617000;546564,972105714;70435,0278942856
"608";930000;1166698,70131669;-236698,701316691
"609";865000;752334,75306515;112665,24693485
"615";216000;304361,093183364;-88361,0931833636
"617";2400000;1721407,15554348;678592,844456516
"621";1800000;1544082,15694013;255917,843059872
"626";740000;816286,425695143;-76286,4256951434
"633";1530000;1894768,6221239;-364768,622123905
"651";860000;885477,864511715;-25477,8645117148
"652";570500;686256,806776942;-115756,806776942
"663";560000;445031,533785834;114968,466214166
"680";850000;1035490,82146208;-185490,821462084
"681";605000;235809,990466136;369190,009533864
"683";604000;808982,932492508;-204982,932492508
"688";835000;1199834,16618198;-364834,16618198
"690";616000;1066534,24650613;-450534,246506131
"692";750000;520178,893354043;229821,106645957
"694";830000;868737,188324994;-38737,1883249942
"699";668000;995275,423673886;-327275,423673886
"701";1310000;1466282,35499005;-156282,354990045
"705";715000;368711,21073974;346288,78926026
"710";1265000;1522530,13870425;-257530,138704253
"711";1976000;1974769,80618575;1230,19381425274
"713";690000;551778,627488195;138221,372511805
"714";975000;1102554,13117089;-127554,131170889
"721";415000;905776,78841594;-490776,78841594
"722";695000;990678,309481367;-295678,309481367
"725";2650000;2089337,88768764;560662,112312358
"741";2700000;2886806,15216313;-186806,15216313
"744";1700000;1324093,08893272;375906,911067284
"765";700000;842834,234597529;-142834,234597529
"766";1085000;1433266,40068921;-348266,400689208
"767";460000;901728,638213199;-441728,638213199
"770";605000;450642,385912591;154357,614087409
"777";600000;680059,855611138;-80059,855611138
"778";775000;827612,337242972;-52612,3372429722
"779";241000;-25272,7867693307;266272,786769331
"781";720000;700728,765433107;19271,234566893
"784";1300000;1466282,35499005;-166282,354990045
"786";1000000;1175417,64810784;-175417,648107836
"788";838000;1074246,73064206;-236246,730642058
"789";735000;785451,774522789;-50451,7745227888
"792";770000;809802,139132305;-39802,1391323053
"801";1325000;1397046,3117825;-72046,3117825012
"808";720000;884030,264224149;-164030,264224149
"813";1375000;1678486,16580979;-303486,165809793
"814";3130000;1564858,75979811;1565141,24020189
"822";1052000;1546176,19130489;-494176,19130489
"823";711000;782090,901856879;-71090,9018568788
"827";485000;516278,62101704;-31278,62101704
"833";2950000;3833999,7803223;-883999,780322297
"836";2623000;1921388,50790107;701611,492098926
"837";1270000;1355181,39717772;-85181,3971777216
"840";627500;891424,640983534;-263924,640983534
"843";650000;676394,72403736;-26394,7240373602
"846";1126000;1191877,08486941;-65877,0848694078
"848";475000;378942,059558611;96057,9404413889
"852";1123000;981581,880814095;141418,119185905
"861";758000;1021273,04202655;-263273,042026551
"862";630000;680059,855611138;-50059,855611138
"864";1550000;1843841,25578359;-293841,255783587
"872";288000;180773,224026663;107226,775973337
"874";646000;658659,060498554;-12659,0604985538
"877";1675000;1675743,01570036;-743,015700359829
"879";2130000;1833934,53394143;296065,466058568
"883";650000;350257,801226314;299742,198773686
"885";2905000;2475186,67313584;429813,326864158
"888";1650000;1647225,96002951;2774,03997049434
"889";1020000;1436735,40058709;-416735,400587089
"891";910000;1219513,85622454;-309513,856224535
"892";1480000;1164027,90251097;315972,097489026
"893";667000;833758,688509381;-166758,688509381
"894";635000;1034166,60807565;-399166,608075648
"897";1920000;1893126,52881261;26873,4711873853
"910";435000;294482,876263978;140517,123736022
"911";640000;1163594,6768651;-523594,676865096
"912";3600000;2614275,49299205;985724,507007946
"919";350000;278741,525314798;71258,474685202
"925";928000;1188556,93951153;-260556,939511531
"934";1701000;1621455,69979405;79544,3002059469
"936";1470000;1499631,57049253;-29631,5704925319
"937";840000;759806,194928384;80193,8050716164
"938";720000;850238,811687553;-130238,811687553
"940";2000000;1669091,82851906;330908,171480936
"954";1530000;1838803,48957119;-308803,489571193
"963";1800000;2043976,11773191;-243976,11773191
"964";1005000;1073887,18149405;-68887,1814940542
"965";2410000;2254781,55573194;155218,444268065
"970";1400000;1379296,02597966;20703,9740203435
"972";635000;920132,806713876;-285132,806713876
"975";760000;750669,634129761;9330,36587023863
"978";680000;658659,060498554;21340,9395014462
"979";1165000;1024561,35133167;140438,648668329
"981";460000;360385,31830177;99614,6816982303
"984";660000;891424,640983534;-231424,640983534
"985";1038000;1676766,92937827;-638766,929378272
"986";555000;530471,333744712;24528,6662552878
"987";1900000;1709520,34343393;190479,656566067
"990";370000;232938,223456923;137061,776543077
"994";1150000;1548593,65018375;-398593,650183749
"999";1150000;1587669,62115915;-437669,621159154
"1007";1315000;1189117,4875039;125882,512496103
"1008";670000;886876,034175202;-216876,034175202
"1009";1510000;2445756,2429347;-935756,242934695
"1011";708000;856344,47873553;-148344,47873553
"1013";815000;834236,843849614;-19236,8438496143
"1015";775000;1147619,42224646;-372619,422246458
"1017";500000;879561,85527074;-379561,85527074
"1018";541000;714641,796340901;-173641,796340901
"1019";1760000;1147748,8050447;612251,194955302
"1023";1000000;1270413,06025276;-270413,060252757
"1035";1090000;917042,226898091;172957,773101909
"1042";2000000;1718427,91407628;281572,085923721
"1056";636000;445003,116654735;190996,883345265
"1067";581000;813785,158056672;-232785,158056672
"1068";1540000;1657059,51525595;-117059,515255954
"1073";2360000;1708772,64868038;651227,351319618
"1076";535000;403588,503177748;131411,496822252
"1077";1300000;1410820,17525168;-110820,175251683
"1086";280000;684406,167794563;-404406,167794563
"1089";835000;1447965,54970808;-612965,549708077
"1090";657000;939654,392495779;-282654,392495779
"1093";1030000;938925,101560393;91074,8984396069
"1098";950000;501884,119366828;448115,880633172
"1099";670000;601595,903090543;68404,0969094569
"1108";1725000;2073544,29217988;-348544,292179884
"1114";750000;693492,04866478;56507,9513352197
"1117";420000;424424,81828177;-4424,81828176987
"1118";615000;991102,966598048;-376102,966598048
"1122";1260000;1151686,75105116;108313,248948844
"1123";366000;440731,793660533;-74731,793660533
"1127";1700000;1459492,68346928;240507,316530718
"1131";1612000;1901676,22761843;-289676,227618433
"1133";2075000;1905488,00883261;169511,991167387
"1136";1475000;1807294,40164139;-332294,401641394
"1145";746000;1077949,87928781;-331949,879287806
"1148";445000;385171,269659321;59828,7303406788
"1149";820000;1040251,08625079;-220251,086250786
"1150";1150000;887070,075574697;262929,924425303
"1152";680000;554421,420680451;125578,579319549
"1154";992000;1083054,83851715;-91054,8385171499
"1155";740000;1156635,49740414;-416635,497404136
"1161";990000;1060195,50226402;-70195,502264017
"1164";680000;614205,153372293;65794,8466277071
"1167";1850000;1548084,70705598;301915,292944021
"1168";2860000;1898931,73182998;961068,268170015
"1169";516000;849509,819823716;-333509,819823716
"1171";2000000;1318728,94117013;681271,058829868
"1173";1145000;1146551,25740245;-1551,25740244961
"1175";510000;487722,938100708;22277,0618992916
"1178";735000;1347104,09298575;-612104,092985749
"1181";562000;1031424,35492454;-469424,354924543
"1191";720000;1147380,6841171;-427380,684117102
"1192";410000;329855,442594848;80144,5574051517
"1193";1540000;1699143,91226387;-159143,912263865
"1197";370000;530103,691855291;-160103,691855291
"1207";1260000;1568530,53777635;-308530,537776352
"1208";1095000;994685,231420534;100314,768579466
"1209";575000;575119,851216762;-119,85121676221
"1214";1200000;1090992,16641717;109007,833582827
"1216";1690000;1195646,92436474;494353,075635262
"1219";887000;1306715,7027167;-419715,7027167
"1225";456000;372156,223615739;83843,7763842606
"1231";400000;608165,392223309;-208165,392223309
"1237";1150000;1338597,68340908;-188597,683409082
"1239";2275000;2049962,27578595;225037,724214055
"1244";1600000;1726460,88672058;-126460,886720577
"1245";1445000;1241830,26605665;203169,733943351
"1254";720000;803410,678475942;-83410,6784759421
"1256";580000;656219,579796897;-76219,5797968975
"1260";812000;782247,516052251;29752,483947749
"1261";335000;315313,451249015;19686,5487509848
"1265";633500;804793,803666754;-171293,803666754
"1267";400000;127799,163638902;272200,836361098
"1268";1050000;1201724,91816391;-151724,918163906
"1271";526000;608444,910931509;-82444,910931509
"1276";920000;1137296,68232674;-217296,682326737
"1286";600000;803503,85363628;-203503,85363628
"1289";920000;956798,23589929;-36798,2358992898
"1295";315000;181274,741644698;133725,258355302
"1306";1460000;1287697,72241823;172302,277581772
"1310";598000;589274,502741426;8725,49725857435
"1311";1390000;1768596,98335193;-378596,983351932
"1312";501000;515014,45678756;-14014,4567875604
"1314";765000;780187,274047535;-15187,2740475354
"1316";740600;1095779,40094631;-355179,400946305
"1317";306000;449389,535273543;-143389,535273543
"1324";1500000;1550553,05633353;-50553,0563335321
"1325";1315000;1075228,80745936;239771,192540635
"1326";1080000;1147467,40822628;-67467,4082262779
"1327";1300000;1148495,95221705;151504,04778295
"1328";695000;744884,359698737;-49884,359698737
"1332";885000;1237440,61382415;-352440,613824149
"1335";780000;1168632,62401474;-388632,624014745
"1348";1070000;1151612,00360883;-81612,003608834
"1353";671000;928087,664666933;-257087,664666933
"1362";561000;683951,67571287;-122951,67571287
"1367";1000000;1036319,84682974;-36319,8468297396
"1368";2450000;2075505,1989726;374494,801027399
"1369";930000;860446,260355029;69553,7396449714
"1382";1195000;950339,507531997;244660,492468003
"1384";416000;215118,656260688;200881,343739312
"1387";1245000;1309612,92281589;-64612,9228158889
"1391";1100000;1446920,70520581;-346920,705205814
"1400";1250000;1128428,82839002;121571,171609984
"1401";2610000;1968944,29431034;641055,705689655
"1425";1400000;1140006,80114179;259993,19885821
"1429";1310000;1793416,35729028;-483416,357290275
"1434";790000;1111970,61263021;-321970,612630206
"1438";1223500;1361497,54951067;-137997,549510672
"1440";1335000;1762802,19496646;-427802,194966464
"1441";585000;708461,33444277;-123461,33444277
"1442";955000;721619,909844192;233380,090155808
"1443";1315000;1907454,16789141;-592454,16789141
"1445";825000;1042101,60705844;-217101,607058438
"1447";740000;625186,351047969;114813,648952031
"1448";690000;433300,635382377;256699,364617623
"1452";1975000;1162490,80560073;812509,194399271
"1457";1180000;1548636,06064067;-368636,060640665
"1461";470000;221072,363231706;248927,636768294
"1488";1286000;1286373,86333694;-373,863336944254
"1491";1350000;1496454,33782461;-146454,337824608
"1493";1518000;2106112,59791918;-588112,597919181
"1497";770000;903010,440595624;-133010,440595624
"1500";980000;728618,351050249;251381,648949751
"1501";1350000;1360757,45009398;-10757,4500939844
"1502";653000;154107,418982755;498892,581017245
"1503";500000;701935,718877489;-201935,718877489
"1505";360000;260065,369621728;99934,6303782721
"1509";405000;759637,555785103;-354637,555785103
"1520";890000;1277383,06124736;-387383,061247359
"1522";386000;194318,977952736;191681,022047264
"1527";1050000;1265983,23767902;-215983,237679019
"1528";1180000;860809,143046365;319190,856953635
"1533";710000;1261248,02113383;-551248,021133827
"1534";292000;254200,807990663;37799,1920093371
"1538";1090000;1368778,30842002;-278778,308420023
"1539";760000;602363,16563023;157636,83436977
"1541";2975000;2097231,457269;877768,542731001
"1543";912500;675398,451050367;237101,548949633
"1544";2930000;2711245,12992417;218754,870075827
"1548";1035000;1106793,78446159;-71793,7844615893
"1552";1120000;983837,46831061;136162,53168939
"1554";1080000;1006088,10876751;73911,8912324929
"1556";644000;569553,726529747;74446,2734702528
"1557";320000;415675,612999835;-95675,6129998351
"1560";800000;1508580,10942494;-708580,109424937
"1563";470000;640240,294598705;-170240,294598705
"1566";630000;702878,116233109;-72878,1162331095
"1569";860000;752334,75306515;107665,24693485
"1571";3550000;2813844,58572112;736155,414278882
"1572";760000;539900,011477974;220099,988522026
"1577";1351000;1610483,84569319;-259483,845693185
"1578";1300000;1621479,14869674;-321479,148696736
"1586";1186000;997484,318833837;188515,681166163
"1590";845000;941150,376075484;-96150,3760754836
"1597";290000;243152,635995873;46847,3640041269
"1603";510000;743814,047898826;-233814,047898826
"1606";645000;291243,643292957;353756,356707043
"1609";970000;816694,320154338;153305,679845662
"1612";650000;670501,608759539;-20501,6087595392
"1613";925000;1324901,61871095;-399901,618710945
"1614";1100000;1435853,56710313;-335853,56710313
"1619";131000;1421334,40674097;-1290334,40674097
"1620";2570000;1788548,11760909;781451,882390908
"1623";230000;-203922,899716384;433922,899716384
"1626";599000;797446,903633072;-198446,903633072
"1633";740000;375708,36500318;364291,63499682
"1642";540000;136941,971396653;403058,028603347
"1646";1155000;978090,383400179;176909,616599821
"1647";695000;885209,575164779;-190209,575164779
"1650";1150000;872961,85794233;277038,14205767
"1653";890000;1453199,04961335;-563199,049613347
"1656";550000;677059,912204953;-127059,912204953
"1662";2500000;1786897,71209817;713102,287901828
"1667";520000;79913,8760632309;440086,123936769
"1681";688000;583828,175601639;104171,824398361
"1682";586000;554066,206541706;31933,7934582937
"1690";290000;211267,411929495;78732,5880705048
"1698";2800000;2028124,60641714;771875,393582856
"1700";1515000;1537626,62616718;-22626,6261671833
"1712";1785000;1708543,41909364;76456,5809063574
"1714";940000;805064,551204395;134935,448795605
"1717";603000;535517,695239493;67482,3047605066
"1725";495000;681809,525759866;-186809,525759866
"1727";810000;918061,477970986;-108061,477970986
"1730";900000;721589,193889411;178410,806110589
"1734";1765000;1398562,06914295;366437,930857055
"1735";1140000;713588,834575512;426411,165424488
"1738";1551000;1548366,09789522;2633,90210477985
"1741";1135000;1470339,90444479;-335339,904444794
"1743";405000;80425,3844230223;324574,615576978
"1757";650000;424779,979080128;225220,020919872
"1760";1260000;1770458,97526824;-510458,975268241
"1761";1505000;1679994,35913652;-174994,359136523
"1764";1060000;1399921,34100315;-339921,341003146
"1767";1126000;1280939,93123177;-154939,931231765
"1772";968000;572054,434066505;395945,565933495
"1773";386000;589003,331646598;-203003,331646598
"1774";721000;583458,752897345;137541,247102655
"1784";1315000;1232265,9422095;82734,0577905022
"1792";540000;769479,348402041;-229479,348402041
"1794";1202500;1164824,65736626;37675,3426337373
"1799";421000;502414,266048672;-81414,2660486724
"1803";750000;797338,993581885;-47338,9935818848
"1805";1260000;1383328,01104865;-123328,011048655
"1806";435000;947418,640899661;-512418,640899661
"1810";391000;475520,75635401;-84520,75635401
"1819";1205000;1565182,9752788;-360182,975278801
"1820";1625000;1292845,98330756;332154,016692445
"1822";515000;514390,422200003;609,577799996594
"1826";850000;1111831,15798157;-261831,15798157
"1847";1300000;1744943,44773477;-444943,447734769
"1848";695000;502402,411817382;192597,588182618
"1850";656000;447578,508648561;208421,491351439
"1856";1050000;1047898,4709353;2101,52906470373
"1861";2400000;1835184,88770981;564815,112290189
"1864";871000;781082,41367717;89917,5863228296
"1865";815000;976623,978417555;-161623,978417555
"1871";675000;970453,438547485;-295453,438547485
"1874";767500;1428636,95188029;-661136,951880286
"1881";751000;780940,328021673;-29940,328021673
"1886";836000;1140459,81091767;-304459,81091767
"1888";810000;1213163,27779138;-403163,277791378
"1889";1080000;1395231,96514041;-315231,965140411
"1894";690000;983615,524136557;-293615,524136557
"1896";760000;643967,328628231;116032,671371769
"1904";851000;674024,940693649;176975,059306351
"1905";780000;818758,716100802;-38758,7161008019
"1908";1270000;1343138,40801064;-73138,4080106448
"1909";352000;15845,8181427731;336154,181857227
"1910";1520000;1519264,51788621;735,482113794191
"1911";1076000;921403,368274999;154596,631725001
"1914";691000;872795,23623307;-181795,23623307
"1915";480000;442192,422159047;37807,5778409532
"1917";380000;182680,134709067;197319,865290933
"1920";525000;851175,958635214;-326175,958635214
"1923";760000;779770,956730977;-19770,9567309772
"1932";751000;1012829,8492321;-261829,849232096
"1934";592500;769479,348402041;-176979,348402041
"1937";855000;1111568,68902036;-256568,689020361
"1939";400000;330766,769262709;69233,2307372908
"1942";808000;955504,462580716;-147504,462580716
"1944";754000;765467,159254948;-11467,1592549479
"1947";901000;991405,745113599;-90405,7451135989
"1957";360000;415952,226597277;-55952,2265972769
"1963";1400000;1439379,89964532;-39379,899645322
"1967";360000;522282,319335449;-162282,319335449
"1970";1210000;1479293,54337849;-269293,543378488
"1976";830000;1012035,48698796;-182035,48698796
"1986";900000;1033299,24216146;-133299,242161463
"1987";600000;869476,818254533;-269476,818254533
"1988";430000;80155,4216775768;349844,578322423
"1992";590000;549623,830389066;40376,1696109344
"1995";983000;805931,273702931;177068,726297069
"2001";330000;669742,587379025;-339742,587379025
"2008";1500000;1988870,13492309;-488870,134923088
"2017";2000000;1934861,32013161;65138,6798683885
"2018";1815000;1117010,56962592;697989,430374081
"2022";826000;1501270,32885403;-675270,328854035
"2023";1265000;1179924,37402744;85075,6259725639
"2024";840000;1081786,19198624;-241786,191986242
"2027";1270000;1579736,24224885;-309736,242248852
"2035";1725000;1858378,56440916;-133378,564409164
"2039";280000;154160,377134987;125839,622865013
"2042";1225000;1081431,99376868;143568,006231321
"2049";580000;443252,318673513;136747,681326487
"2055";1950000;1651316,50101931;298683,498980689
"2061";1065000;1423570,27722927;-358570,277229275
"2063";470000;390544,266869709;79455,7331302912
"2065";685000;1422921,49188111;-737921,491881114
"2066";1426000;1199380,45744596;226619,542554038
"2068";2005000;1707806,466223;297193,533777001
"2071";1050000;1413246,13150192;-363246,131501918
"2082";830000;1001432,59375272;-171432,593752724
"2087";340000;415675,612999835;-75675,6129998351
"2088";1420000;1618455,86557118;-198455,865571175
"2097";760000;683951,67571287;76048,3242871297
"2100";1150000;1326537,59451194;-176537,594511942
"2102";1040000;980089,98143137;59910,0185686303
"2103";370000;69183,8876506862;300816,112349314
"2105";662500;679735,714638511;-17235,7146385112
"2107";722000;584979,06941117;137020,93058883
"2110";1800000;2770826,63080352;-970826,630803519
"2113";303500;117462,437904136;186037,562095864
"2119";670000;842166,43201669;-172166,43201669
"2132";685000;1162640,01350699;-477640,013506988
"2137";900000;955658,385943795;-55658,3859437949
"2142";1008000;1003466,98383773;4533,01616227278
"2144";1350000;1135833,19528909;214166,804710906
"2145";600000;814662,180681853;-214662,180681853
"2146";460000;653524,204304441;-193524,204304441
"2151";1390000;1659859,03147979;-269859,031479791
"2167";500000;292366,119971389;207633,880028611
"2179";1447500;1715126,58538848;-267626,585388475
"2185";1035000;1145286,69506852;-110286,695068521
"2188";691000;1140905,6174563;-449905,617456299
"2192";657500;743420,877447112;-85920,8774471115
"2193";510000;699111,379625212;-189111,379625212
"2202";835000;1062901,60413657;-227901,604136574
"2203";2570000;2566810,77210305;3189,2278969544
"2207";927000;1101096,14967614;-174096,149676135
"2211";1918000;1660029,53426639;257970,465733612
"2212";1955000;2176668,17973184;-221668,179731837
"2213";2150000;1489513,10626107;660486,893738929
"2216";1800000;1685563,68655937;114436,31344063
"2217";920000;1049909,28329445;-129909,283294448
"2220";640000;594846,756757992;45153,2432420084
"2221";2950000;1597936,03814681;1352063,96185319
"2222";856000;1124010,57417366;-268010,574173664
"2228";1240000;1644145,3057425;-404145,305742504
"2231";1875000;1852813,42962927;22186,5703707328
"2243";1110000;1069013,02585514;40986,9741448562
"2247";520000;767680,363219861;-247680,363219861
"2266";856000;1096383,04817346;-240383,048173458
"2267";707500;996976,761718473;-289476,761718473
"2269";1117000;1195373,14032373;-78373,1403237316
"2279";620000;741474,303966794;-121474,303966794
"2284";1015000;1384384,38610006;-369384,386100059
"2287";967500;1677136,35208257;-709636,352082566
"2290";925000;837669,405445306;87330,5945546939
"2302";805000;1124439,39840641;-319439,398406415
"2308";743000;851175,958635214;-108175,958635214
"2310";370000;260353,482060829;109646,517939171
"2311";1315000;866257,563664881;448742,436335119
"2313";600000;561669,391302747;38330,6086972532
"2315";701500;986299,221475948;-284799,221475948
"2320";1100000;806542,732245653;293457,267754347
"2321";662500;884698,066804988;-222198,066804988
"2330";845000;658979,198169504;186020,801830496
"2331";1400000;1360492,54135534;39507,4586446623
"2338";3000000;1790990,09637684;1209009,90362316
"2342";670000;717483,509450854;-47483,5094508538
"2343";710000;1040587,80004795;-330587,800047947
"2346";3690000;2488680,17296531;1201319,82703469
"2347";753000;559165,163491613;193834,836508387
"2352";1050000;1619592,55081516;-569592,550815156
"2357";1630000;1433758,45480004;196241,545199959
"2364";810000;793850,356696338;16149,6433036621
"2365";442000;-76176,2262728395;518176,22627284
"2366";1430000;1687383,75766287;-257383,757662869
"2368";801000;951759,553527228;-150759,553527228
"2373";672000;938261,770254948;-266261,770254948
"2376";1837000;1786363,23804042;50636,761959577
"2381";1125000;1147184,10405203;-22184,1040520265
"2383";1235000;1517271,31993268;-282271,319932677
"2386";1675000;1269609,97876857;405390,021231427
"2388";1260000;1315082,90385449;-55082,9038544924
"2394";1825000;1905630,09448811;-80630,0944881106
"2399";3000000;2994169,83424879;5830,16575121181
"2405";520000;647057,851279053;-127057,851279053
"2407";583000;772222,729819723;-189222,729819723
"2414";485000;739085,104641202;-254085,104641202
"2417";1000000;1242349,12841248;-242349,128412476
"2427";900000;1401544,44992981;-501544,449929812
"2431";1322500;1535958,09382075;-213458,093820754
"2437";1085000;879942,57172188;205057,42827812
"2438";500000;385577,231532981;114422,768467019
"2439";538000;469694,75004189;68305,2499581103
"2444";900000;918096,374081177;-18096,3740811772
"2448";965000;1540892,1659679;-575892,165967903
"2449";2400000;2143529,00710536;256470,99289464
"2459";1200000;1323822,15180861;-123822,151808614
"2462";990000;1174342,09893886;-184342,098938864
"2464";910500;941962,551728552;-31462,5517285524
"2465";720000;850287,094982934;-130287,094982934
"2471";3200000;1936633,44969723;1263366,55030277
"2478";722000;857084,955307936;-135084,955307936
"2479";711000;600941,961787184;110058,038212816
"2481";1600000;1568791,8559869;31208,1440131033
"2485";950000;896256,01391025;53743,98608975
"2493";890000;748223,120155107;141776,879844893
"2494";640000;698941,712367869;-58941,7123678691
"2499";560000;551243,549166973;8756,45083302679
"2502";3010000;1959335,37764918;1050664,62235082
"2504";1101000;1225094,75078125;-124094,750781245
"2507";757500;683951,67571287;73548,3242871297
"2511";1000000;1184505,26766716;-184505,267667158
"2521";900000;882699,033438533;17300,9665614667
"2526";2368000;1701758,28832502;666241,711674979
"2528";1290000;1398685,39260545;-108685,392605453
"2533";776000;1052461,58713751;-276461,587137507
"2536";1235000;1380855,720643;-145855,720642996
"2543";920000;1174711,52164316;-254711,521643158
"2547";605000;392434,006087827;212565,993912173
"2549";636000;844144,899384166;-208144,899384166
"2552";551000;477942,181117233;73057,8188827667
"2556";601000;736747,879779757;-135747,879779757
"2558";2050000;2232990,47463463;-182990,474634627
"2563";1100000;1534416,8803685;-434416,880368497
"2571";750000;631191,878925708;118808,121074292
"2574";660000;522238,169997183;137761,830002817
"2576";590000;568257,114056227;21742,8859437727
"2577";822000;820236,406917977;1763,59308202285
"2578";655000;88460,6503658163;566539,349634184
"2579";1520000;1356545,4194705;163454,580529501
"2586";500000;702785,495165113;-202785,495165113
"2594";955000;991971,39540053;-36971,3954005297
"2603";1060000;1506271,74392755;-446271,743927551
"2604";1750000;1528462,75907084;221537,240929161
"2605";766000;506456,955743719;259543,044256281
"2608";897500;1209435,89684441;-311935,896844415
"2611";425000;430222,993501914;-5222,99350191385
"2613";1300000;1787267,13480247;-487267,134802466
"2617";446000;372156,223615739;73843,7763842606
"2620";1450000;1011720,80026196;438279,199738044
"2622";675000;532168,701849965;142831,298150035
"2626";1470000;1348016,06913507;121983,930864926
"2627";1400000;1446804,2494013;-46804,2494013021
"2629";780000;901774,339772253;-121774,339772253
"2632";1365000;1369829,74227071;-4829,74227070506
"2637";1880000;1553231,60845025;326768,391549745
"2646";1335000;1679054,50843178;-344054,508431784
"2649";1150000;1452101,74486618;-302101,744866179
"2650";480000;841627,270455539;-361627,270455539
"2660";740000;911089,586397214;-171089,586397214
"2667";300000;505042,643736347;-205042,643736347
"2669";850000;1315053,63059545;-465053,630595447
"2670";1705000;962914,088043536;742085,911956464
"2672";2800000;2007062,86815754;792937,131842465
"2673";485000;104308,061991399;380691,938008601
"2683";492000;641906,433410202;-149906,433410202
"2689";530000;552957,938428825;-22957,938428825
"2699";2375000;2093456,61627557;281543,383724433
"2701";623000;788684,319767878;-165684,319767878
"2705";275000;467323,940548856;-192323,940548856
"2706";410000;799741,821787326;-389741,821787326
"2708";750000;837040,925466255;-87040,9254662552
"2710";570000;352655,542966767;217344,457033233
"2711";825000;1111298,72627492;-286298,726274915
"2719";570000;249128,918776451;320871,081223549
"2723";2125000;1981898,64668406;143101,353315941
"2728";470000;592249,856784356;-122249,856784356
"2737";705000;877422,706072878;-172422,706072878
"2744";1427000;1699079,34690433;-272079,346904326
"2747";990000;1050690,63587669;-60690,6358766891
"2749";500000;779333,786989523;-279333,786989523
"2750";887500;1209421,68827886;-321921,688278865
"2755";1125000;1435235,85454823;-310235,854548226
"2756";1200000;1451178,18810544;-251178,188105445
"2757";1630000;1846227,3876892;-216227,387689196
"2761";478000;897438,640088682;-419438,640088682
"2764";1820000;2218997,35922297;-398997,359222972
"2766";440000;386521,083386549;53478,9166134513
"2768";831000;784047,734961455;46952,2650385445
"2775";1467000;1458805,87939509;8194,12060490903
"2777";1350000;1927787,70566896;-577787,70566896
"2792";625000;553341,569698669;71658,4303013314
"2793";976000;1325861,15897592;-349861,158975924
"2794";1100000;821752,485562961;278247,514437039
"2806";1075000;1595242,79054882;-520242,790548824
"2809";600000;596370,480448758;3629,519551242
"2811";371000;390544,266869709;-19544,2668697088
"2819";2105000;1536774,33964479;568225,660355211
"2839";3075000;1963205,99243768;1111794,00756232
"2845";865000;1083495,55569019;-218495,555690187
"2850";980000;960750,816006975;19249,1839930245
"2855";730000;384556,711684067;345443,288315933
"2859";588000;852692,877389241;-264692,877389241
"2861";288000;-299947,118468276;587947,118468276
"2862";930000;1392724,38380511;-462724,383805109
"2871";1698888;1492219,80689697;206668,193103025
"2879";1726000;1499941,59800345;226058,401996547
"2880";435000;491804,660982251;-56804,6609822512
"2894";1800000;1235470,54104347;564529,45895653
"2895";746000;747472,022332723;-1472,02233272279
"2897";730000;944690,403856696;-214690,403856696
"2900";1245000;1437850,10154459;-192850,101544588
"2906";1206000;1278623,55665335;-72623,5566533492
"2907";804000;699496,504791409;104503,495208591
"2908";860000;927748,026913315;-67748,0269133146
"2916";841000;1284721,76060462;-443721,760604616
"2922";400000;606754,091631087;-206754,091631087
"2923";1400000;1400802,27206723;-802,272067230893
"2937";891500;988379,320651499;-96879,3206514993
"2939";435000;781497,948560775;-346497,948560775
"2941";860000;1071038,36577498;-211038,365774979
"2942";840000;901688,19547671;-61688,1954767096
"2943";1287000;1188532,27441335;98467,7255866514
"2944";775000;802464,383708789;-27464,3837087888
"2945";1365000;1077232,11675586;287767,883244136
"2948";380000;676593,465773867;-296593,465773867
"2952";2450000;2540693,55249231;-90693,552492308
"2961";1200000;1267215,71645597;-67215,7164559742
"2967";910000;1068657,8117164;-158657,8117164
"2969";720000;1214980,25072629;-494980,250726294
"2972";670000;291828,566841232;378171,433158768
"2977";2090000;1959583,28085123;130416,719148773
"2980";1275000;961288,973082;313711,026918
"2983";920000;1036691,00923855;-116691,009238554
"2988";1355000;987435,809820597;367564,190179403
"2989";520000;525630,109733727;-5630,1097337266
"2990";4000000;2113786,21598712;1886213,78401288
"2995";1030000;1229880,71176501;-199880,711765008
"2997";1615000;2335088,64437184;-720088,644371837
"3000";1005000;692006,338785869;312993,661214131
"3003";660000;980544,112233123;-320544,112233123
"3006";640000;721973,711667571;-81973,7116675705
"3009";782000;349579,200025943;432420,799974057
"3010";1253000;1387453,43625881;-134453,436258808
"3011";1987000;1751109,435297;235890,564702997
"3012";673000;1013725,5271463;-340725,527146301
"3020";470000;472347,706114432;-2347,70611443161
"3021";770000;914393,437394276;-144393,437394276
"3023";421000;477899,555420584;-56899,555420584
"3024";840000;509421,441266574;330578,558733426
"3025";825000;918647,794805214;-93647,794805214
"3030";820000;874681,24364457;-54681,2436445702
"3040";701000;1517058,19144943;-816058,191449431
"3041";536000;826114,910516269;-290114,910516269
"3046";705000;775121,277191874;-70121,2771918743
"3053";1051000;1081279,97058919;-30279,97058919
"3057";832000;614205,153372293;217794,846627707
"3059";372000;579414,794542867;-207414,794542867
"3062";1044000;623221,818018873;420778,181981127
"3066";2325000;1595697,96697881;729302,033021192
"3068";2050000;1561320,82697622;488679,173023783
"3070";1870000;1620076,59748547;249923,402514528
"3075";705000;779647,348556645;-74647,3485566445
"3076";1035000;943966,477447587;91033,5225524132
"3080";456000;183996,73845568;272003,26154432
"3082";1211000;1641618,42696355;-430618,426963551
"3086";405000;373875,460047261;31124,5399527394
"3089";1005000;2505509,65326581;-1500509,65326581
"3092";1067000;1047367,48225599;19632,5177440066
"3094";680000;568257,114056227;111742,885943773
"3100";497500;909840,438163172;-412340,438163172
"3103";620000;1313272,27593525;-693272,275935248
"3113";1700000;1420640,28028009;279359,719719909
"3115";863000;1100056,17917678;-237056,179176784
"3116";1615000;1369648,95790956;245351,042090436
"3118";1385000;1663124,43632421;-278124,436324214
"3122";940000;923082,571504391;16917,4284956087
"3123";1155000;1074709,50336082;80290,4966391809
"3126";906000;1152063,10135041;-246063,101350407
"3133";1152000;1300567,39261022;-148567,392610216
"3135";1500000;1808871,39694057;-308871,39694057
"3136";1102000;1625974,02363888;-523974,023638877
"3137";950000;1053740,35803699;-103740,358036986
"3139";1105000;801223,709638485;303776,290361515
"3147";570000;500477,129609033;69522,8703909669
"3148";491000;316192,673775852;174807,326224148
"3150";683500;725861,889333596;-42361,8893335955
"3151";1360000;1572025,84490159;-212025,844901593
"3155";620000;1083924,16430714;-463924,164307141
"3156";671000;765326,945859352;-94326,9458593517
"3160";1820000;1468925,1481823;351074,851817699
"3169";2700000;1877999,45746732;822000,542532682
"3171";880000;1019186,51837336;-139186,518373362
"3180";1252000;849509,819823716;402490,180176284
"3182";2375000;1814101,87202342;560898,127976576
"3185";1461000;1341968,24437144;119031,755628557
"3187";3100000;2033872,18057;1066127,81943
"3188";847000;1412137,43696058;-565137,436960577
"3190";702500;374543,262628099;327956,737371901
"3192";2325000;2120531,34608423;204468,653915766
"3196";730000;1101008,15306862;-371008,153068617
"3197";1865000;1862456,19531135;2543,80468864646
"3200";730000;731867,433007719;-1867,43300771923
"3206";920000;1157519,13663299;-237519,136632988
"3208";900500;983979,76677975;-83479,7667797504
"3209";950000;1401279,14616513;-451279,146165134
"3219";1705000;1930463,55228525;-225463,552285249
"3223";1190000;750156,501447439;439843,498552561
"3243";2050000;1849076,13609269;200923,863907313
"3244";770000;339425,703129765;430574,296870235
"3246";820000;554056,845145826;265943,154854174
"3253";830000;792009,568215313;37990,4317846869
"3254";655800;1223146,04807905;-567346,048079051
"3261";1150000;982462,81187818;167537,18812182
"3266";888000;739022,499079709;148977,500920291
"3270";1234500;1191828,7192993;42671,2807006983
"3281";1375000;950012,710524352;424987,289475648
"3283";785000;765326,945859352;19673,0541406483
"3286";1396500;1435401,50129139;-38901,5012913886
"3291";1320000;1068743,0631097;251256,936890302
"3292";800000;841501,242612074;-41501,2426120741
"3305";700000;991102,966598048;-291102,966598048
"3307";1810000;2266156,83832389;-456156,838323888
"3308";950000;803410,678475942;146589,321524058
"3310";331000;243152,635995873;87847,3640041269
"3315";590000;551513,641428865;38486,3585711345
"3319";865000;839255,954255451;25744,0457445495
"3321";335000;410869,846747297;-75869,8467472971
"3326";435000;372156,223615739;62843,7763842606
"3328";1224000;777594,532959108;446405,467040892
"3329";1029000;1420765,11922777;-391765,119227766
"3334";1430000;883910,760286825;546089,239713175
"3336";391000;594846,756757992;-203846,756757992
"3337";1015000;1136756,83054546;-121756,830545459
"3341";822500;956033,492108045;-133533,492108045
"3345";546000;780769,825235076;-234769,825235076
"3347";1175000;1492532,39533907;-317532,395339069
"3350";375000;927093,065078449;-552093,065078449
"3352";2450000;1917495,19010616;532504,80989384
"3353";458000;513187,360070578;-55187,3600705783
"3354";1870000;1702924,32801439;167075,671985613
"3356";360000;291497,649183736;68502,350816264
"3365";430000;770902,663075533;-340902,663075533
"3366";1850000;1529219,07958901;320780,920410991
"3367";742000;1137774,7324925;-395774,732492496
"3374";1510000;1112932,71131314;397067,288686862
"3376";1400000;1315641,09245839;84358,9075416126
"3378";777500;1034094,92183225;-256594,92183225
"3386";602000;683951,67571287;-81951,6757128703
"3388";775000;1041234,8845599;-266234,884559902
"3390";665000;808162,636149585;-143162,636149585
"3395";588000;938261,770254948;-350261,770254948
"3403";533000;346699,861084463;186300,138915537
"3405";1700000;1572576,03782993;127423,962170072
"3409";978000;1377843,41852504;-399843,418525039
"3410";650000;776339,125144285;-126339,125144285
"3418";723000;882650,359967312;-159650,359967312
"3419";1000000;1191782,28389133;-191782,283891327
"3426";2200000;1852337,22587464;347662,774125362
"3427";375000;304361,093183364;70638,9068166364
"3431";900000;995502,760722682;-95502,7607226819
"3437";1280000;1656519,58976506;-376519,589765063
"3439";1420000;1156730,79182132;263269,208178679
"3443";616000;485883,081083201;130116,918916799
"3445";871000;1197873,38413611;-326873,384136113
"3449";1060000;1043436,15088369;16563,8491163144
"3452";316000;513630,618408375;-197630,618408375
"3454";1782500;1529215,81304498;253284,186955024
"3456";716000;1164646,11071578;-448646,110715779
"3459";1030000;1245444,22161322;-215444,22161322
"3461";1975000;2191198,11912948;-216198,119129481
"3462";490000;513630,618408375;-23630,6184083748
"3469";485000;866084,912216246;-381084,912216246
"3470";310000;341123,32440672;-31123,3244067196
"3471";480000;260065,369621728;219934,630378272
"3472";476000;-220023,083394655;696023,083394655
"3476";479000;452970,818388642;26029,181611358
"3479";585000;701514,64211879;-116514,64211879
"3480";855000;949002,452582208;-94002,4525822077
"3481";712000;658659,060498554;53340,9395014462
"3487";1245000;1220744,69454141;24255,3054585878
"3492";710000;1130751,25741925;-420751,257419245
"3496";1440000;1636858,55750438;-196858,557504381
"3497";620000;631725,767088893;-11725,7670888926
"3498";855000;634730,889364854;220269,110635146
"3500";421500;796208,909349474;-374708,909349474
"3501";659500;821681,442735212;-162181,442735212
"3507";1020000;1243045,21336087;-223045,213360869
"3510";2250000;1739977,23765271;510022,762347287
"3512";1415000;1492305,05829027;-77305,0582902732
"3513";896000;842254,296586212;53745,7034137882
"3528";630000;372156,223615739;257843,776384261
"3531";747000;1003270,46887489;-256270,468874891
"3532";345000;449389,535273543;-104389,535273543
"3537";305000;305199,3985508;-199,398550799524
"3545";580000;932671,618139154;-352671,618139154
"3548";520000;217205,966437949;302794,033562051
"3555";1000000;1336695,94347092;-336695,943470923
"3557";2170000;1834059,88596567;335940,114034327
"3559";1420000;1401730,68482158;18269,3151784192
"3560";795000;836250,01863379;-41250,0186337896
"3563";1126000;1278527,22664867;-152527,22664867
"3575";588000;423437,764534449;164562,235465551
"3578";355000;119618,538288427;235381,461711573
"3585";3300000;2419632,92649144;880367,073508565
"3586";1150000;1481684,46803769;-331684,468037693
"3587";550000;680059,855611138;-130059,855611138
"3594";615000;981425,586593047;-366425,586593047
"3596";520000;586840,590936413;-66840,5909364133
"3608";1320000;1488233,08090914;-168233,080909145
"3612";1800000;1498464,90549918;301535,094500825
"3614";601500;591020,947954664;10479,052045336
"3620";1900000;1779344,85551818;120655,144481818
"3623";895000;1643232,14562616;-748232,145626158
"3624";1081000;964400,648937398;116599,351062602
"3629";2140000;1833565,11123714;306434,888762861
"3631";643000;571841,724733522;71158,2752664783
"3635";2000000;1538607,24460071;461392,755399291
"3636";1300000;1546724,08542846;-246724,085428464
"3637";2145000;2221122,50686469;-76122,5068646939
"3640";2236000;1645257,63712929;590742,362870714
"3644";577000;704052,598339267;-127052,598339267
"3646";3001000;1916646,77123474;1084353,22876526
"3653";2375000;1654290,35803081;720709,64196919
"3657";520000;676881,578212968;-156881,578212968
"3658";1350000;1129741,57760918;220258,42239082
"3662";1916000;1783697,43130259;132302,568697414
"3663";757000;988063,933420211;-231063,933420211
"3664";651000;1075584,43660077;-424584,436600772
"3665";625000;844674,711590778;-219674,711590778
"3667";590000;507019,998240002;82980,0017599981
"3676";650000;658463,580595007;-8463,58059500682
"3678";1220000;1903791,31290139;-683791,312901387
"3679";1217500;1221270,59233683;-3770,59233683441
"3680";1425000;1676909,01503377;-251909,01503377
"3686";305000;402495,679434303;-97495,6794343027
"3692";860000;1074674,67340292;-214674,673402924
"3695";1130000;1345664,17566203;-215664,175662033
"3703";1900000;1746080,13297875;153919,86702125
"3704";1075000;1346964,12109675;-271964,121096754
"3708";1170000;941019,146059716;228980,853940284
"3709";241000;6817,29254238633;234182,707457614
"3712";390000;751026,107737429;-361026,107737429
"3715";900000;1430204,32242864;-530204,32242864
"3716";575000;1015367,44530478;-440367,445304783
"3718";1250000;1171133,44433928;78866,5556607218
"3719";2956000;1923079,3272015;1032920,6727985
"3722";680000;569646,056623992;110353,943376008
"3724";1300000;1620629,03088723;-320629,030887226
"3725";1435000;1349358,40270497;85641,5972950291
"3731";690000;444217,845550799;245782,154449201
"3734";1802000;2102829,63209561;-300829,632095605
"3736";3210000;2503372,38951475;706627,610485245
"3739";983500;490091,781384963;493408,218615037
"3744";1275000;1336965,90621637;-61965,9062163685
"3745";950000;1365643,68830211;-415643,688302109
"3751";2900000;2446714,6019682;453285,398031799
"3766";1106000;1476196,07608864;-370196,07608864
"3770";1008000;707673,241714231;300326,758285769
"3773";880000;1347592,89757434;-467592,897574339
"3777";700000;968821,322327532;-268821,322327532
"3786";1590000;2043569,02721517;-453569,02721517
"3791";425000;411708,452613448;13291,547386552
"3794";3775000;2478852,48304768;1296147,51695232
"3797";300000;467323,940548856;-167323,940548856
"3799";1225000;1572119,18275332;-347119,182753318
"3817";1870000;1740297,14718629;129702,852813706
"3821";955000;1131400,12283757;-176400,122837569
"3822";1710000;1499048,38980108;210951,610198918
"3823";1655000;1610810,64270083;44189,3572991702
"3824";885000;1172185,17868868;-287185,178688675
"3828";560000;552375,387241285;7624,61275871517
"3829";340000;380004,977516414;-40004,9775164145
"3843";1211000;1333056,84875726;-122056,848757259
"3845";611000;1255092,60120269;-644092,601202695
"3852";1712000;1550397,92276884;161602,077231164
"3854";2020000;2462999,64710626;-442999,647106265
"3866";800000;871786,4590787;-71786,4590786996
"3867";841000;727193,118958887;113806,881041113
"3868";1262000;918312,350420605;343687,649579395
"3870";1775000;1568457,73788777;206542,262112234
"3876";2200000;1872268,96306095;327731,036939051
"3883";1950000;1830294,61609499;119705,383905014
"3885";808000;808463,462221429;-463,46222142945
"3888";450000;669089,847946273;-219089,847946273
"3896";450000;583810,225346209;-133810,225346209
"3897";1510000;1429004,2629095;80995,7370904977
"3903";605000;677895,136407529;-72895,136407529
"3909";900000;862058,321666712;37941,6783332882
"3910";1350000;1057999,70400465;292000,295995348
"3916";1445000;1760007,80363016;-315007,803630163
"3917";1600000;1568294,55619265;31705,4438073451
"3924";620000;770228,062285505;-150228,062285505
"3930";625000;845429,218323002;-220429,218323002
"3934";850000;1432572,34188854;-582572,341888541
"3935";1160000;1097231,56920709;62768,4307929063
"3937";445000;739373,217080303;-294373,217080303
"3944";390000;349304,05660835;40695,9433916496
"3950";704000;941666,130833923;-237666,130833923
"3954";710000;654983,745427961;55016,2545720391
"3959";750000;786499,078548029;-36499,0785480292
"3962";790000;878873,415273269;-88873,4152732687
"3965";440000;16783,5834690574;423216,416530943
"3966";750000;1165322,02824165;-415322,02824165
"3967";900000;959309,210873492;-59309,2108734921
"3974";1650000;1745411,80051155;-95411,8005115478
"3975";440000;732396,605608912;-292396,605608912
"3976";1250000;1015367,44530478;234632,554695217
"3984";1470000;1441126,60159864;28873,3984013621
"3987";347000;470790,330386127;-123790,330386127
"3988";850000;1146880,57683787;-296880,576837871
"3991";595000;318872,62707453;276127,37292547
"3994";812000;915706,621736413;-103706,621736413
"3995";382000;578094,12966964;-196094,12966964
"4004";580000;866649,086518904;-286649,086518904
"4010";2120000;1536668,52209824;583331,477901758
"4013";1420000;1548636,06064067;-128636,060640665
"4015";480000;722900,143633386;-242900,143633386
"4016";690000;986299,221475948;-296299,221475948
"4019";1030000;844712,37842632;185287,62157368
"4022";450000;969532,257894303;-519532,257894303
"4028";890000;1153662,50832339;-263662,508323394
"4037";4250000;2512799,35052542;1737200,64947458
"4039";3400000;3209272,19244069;190727,807559312
"4041";1270000;1483723,08469822;-213723,084698217
"4044";650000;779007,963106905;-129007,963106905
"4047";605000;1193549,77656659;-588549,776566586
"4057";830000;881064,113449579;-51064,1134495786
"4058";2310000;1643735,50323047;666264,496769534
"4061";881000;1101339,15063335;-220339,150633345
"4063";591000;955234,49983527;-364234,49983527
"4070";2475000;2150636,25414219;324363,745857814
"4081";335000;14183,415973451;320816,584026549
"4086";1247000;1309740,79990584;-62740,7999058368
"4088";620250;-116885,687914708;737135,687914708
"4091";2910000;2050395,4202265;859604,579773499
"4093";1300000;1239172,11480395;60827,8851960453
"4096";731000;895739,730786022;-164739,730786022
"4100";755000;875567,82541879;-120567,82541879
"4102";1152500;1095730,93983673;56769,0601632698
"4105";723000;779959,936998739;-56959,9369987394
"4109";820000;995730,107901833;-175730,107901833
"4110";545000;339776,199437185;205223,800562815
"4120";1115000;1209532,7724847;-94532,7724847028
"4121";2455000;1591846,40531841;863153,594681586
"4124";850000;815433,911762158;34566,0882378423
"4125";500500;781833,441373036;-281333,441373036
"4126";970000;1199137,94647004;-229137,946470041
"4129";950000;1196378,6349373;-246378,634937295
"4140";270000;-34095,1342799985;304095,134279998
"4143";700000;82228,1239587248;617771,876041275
"4148";965000;1136009,77269119;-171009,77269119
"4157";800000;1252296,50751426;-452296,507514264
"4158";670000;913322,123564278;-243322,123564278
"4163";1625000;1592053,9731865;32946,0268135006
"4167";635000;416044,380364105;218955,619635895
"4172";800000;839279,901085836;-39279,9010858363
"4174";550000;868372,491269758;-318372,491269758
"4176";640000;957615,445227113;-317615,445227113
"4179";875000;1257940,92468569;-382940,924685687
"4183";600000;844251,91395414;-244251,91395414
"4187";2950000;1904195,00137588;1045804,99862412
"4191";836000;574754,06152096;261245,93847904
"4196";1500000;1032583,8896788;467416,110321195
"4197";425000;25602,6999148407;399397,300085159
"4199";623000;555343,172667525;67656,8273324752
"4200";1400000;1835486,61924033;-435486,619240327
"4202";980000;1028426,08116121;-48426,0811612064
"4204";360000;-31832,0312294809;391832,031229481
"4209";880000;1094169,37533517;-214169,375335167
"4210";926000;1436509,76940427;-510509,76940427
"4212";1050000;1107906,09345922;-57906,0934592157
"4214";1501000;1570802,25676451;-69802,2567645146
"4220";1115000;1225986,50652639;-110986,506526386
"4221";525500;616247,551870576;-90747,551870576
"4229";843000;1638400,16025137;-795400,160251372
"4231";1025000;781878,093347957;243121,906652043
"4242";838000;1127903,11146468;-289903,111464675
"4252";1095000;1453925,95392695;-358925,953926952
"4253";1725000;2066103,97890486;-341103,978904861
"4254";1275000;1244117,5010314;30882,4989686019
"4256";810000;418682,96420595;391317,03579405
"4257";240000;-32641,9194658173;272641,919465817
"4261";345000;118215,355371052;226784,644628948
"4265";1470000;1251200,62949685;218799,370503149
"4266";700000;656389,130024742;43610,8699752585
"4267";470000;366410,689761352;103589,310238648
"4270";1180000;881722,641192162;298277,358807838
"4272";645400;978381,255696419;-332981,255696419
"4273";990000;846300,872143847;143699,127856153
"4279";2365000;1918467,15173833;446532,84826167
"4280";710000;1181302,49065607;-471302,490656073
"4282";1352500;1522923,55945065;-170423,559450655
"4284";1421000;1146537,0488369;274462,9511631
"4288";461000;796701,094611976;-335701,094611976
"4292";720000;820149,000974249;-100149,000974249
"4294";580000;128788,648027432;451211,351972568
"4295";2600000;2053216,03729684;546783,96270316
"4297";1035000;1081022,11524179;-46022,1152417923
"4298";1500000;1175104,06135284;324895,938647156
"4300";526000;456016,65954047;69983,3404595299
"4306";795000;554606,132032597;240393,867967403
"4312";850000;1375819,66492978;-525819,66492978
"4322";2000000;2062296,40517257;-62296,4051725704
"4324";1650000;1766946,78453146;-116946,784531461
"4327";1555000;1356573,8366016;198426,163398402
"4329";1400000;1200332,61524725;199667,384752749
"4330";2055000;1293912,42667057;761087,573329433
"4339";1560000;1285023,9511637;274976,048836301
"4346";772000;628052,232454696;143947,767545304
"4356";855000;1428538,7602823;-573538,760282299
"4357";730000;834787,906699026;-104787,906699026
"4358";881500;1192601,72171245;-311101,721712446
"4371";1352000;1492503,97820797;-140503,97820797
"4372";2355000;1500083,68365895;854916,31634105
"4374";600000;730185,947353072;-130185,947353072
"4381";2170000;2022286,09863711;147713,901362889
"4384";550000;913322,123564278;-363322,123564278
"4387";1053000;1130562,53129721;-77562,5312972129
"4389";1715000;1660413,16553623;54586,8344637689
"4398";1913000;1307724,51087073;605275,489129266
"4409";890000;902725,420761842;-12725,4207618423
"4419";1315000;787447,531069139;527552,468930861
"4423";665000;973751,886718249;-308751,886718249
"4433";411000;701514,64211879;-290514,64211879
"4434";610000;373765,109872293;236234,890127707
"4435";990000;836140,791633282;153859,208366718
"4436";1285000;1609870,74033306;-324870,740333059
"4440";452000;225101,7984822;226898,2015178
"4444";650000;879012,112604036;-229012,112604036
"4448";880000;917069,165280355;-37069,1652803549
"4452";600000;777615,523683029;-177615,523683029
"4455";1010000;1309324,54395705;-299324,54395705
"4457";1601000;1626854,95470296;-25854,9547029627
"4481";681000;699077,346908305;-18077,3469083054
"4483";1005000;993115,721710322;11884,278289678
"4485";950000;1598429,81104478;-648429,811044781
"4490";550000;878386,01565216;-328386,01565216
"4495";450000;618342,812017961;-168342,812017961
"4496";3145000;2289984,92236266;855015,077637341
"4500";1126000;1046134,95370133;79865,0462986685
"4502";1495000;1569417,03287109;-74417,0328710864
"4504";1360000;1332541,25399009;27458,7460099123
"4517";815000;1062675,61715483;-247675,617154829
"4518";1535000;1135911,71827417;399088,281725827
"4530";1082000;1405413,83874011;-323413,838740115
"4533";1000000;1019867,71166078;-19867,7116607772
"4542";510000;343668,784370489;166331,215629511
"4551";430000;328640,939666522;101359,060333478
"4554";2160000;1831987,96046111;328012,039538885
"4557";765500;799101,036580136;-33601,036580136
"4561";2200000;2209621,40191131;-9621,40191131178
"4562";320000;529815,579416191;-209815,579416191
"4570";600000;579671,933658977;20328,0663410228
"4575";687500;680059,855611138;7440,14438886195
"4577";865000;1117311,48216516;-252311,482165161
"4578";836000;775619,542347691;60380,4576523092
"4582";765000;1228493,76723907;-463493,76723907
"4594";465000;71407,3998332466;393592,600166753
"4597";1460000;1289251,21622347;170748,783776535
"4600";825000;1067684,74178495;-242684,741784953
"4603";1870000;1285734,37944119;584265,620558812
"4604";342500;-102769,909060163;445269,909060163
"4610";1256000;1446497,43937645;-190497,439376448
"4614";837000;773406,415136415;63593,5848635848
"4615";615000;848308,259632337;-233308,259632337
"4616";1020000;809543,792457889;210456,207542111
"4617";1172000;996120,29654106;175879,70345894
"4619";1358000;1647327,89003629;-289327,89003629
"4620";250000;50795,8443967167;199204,155603283
"4621";920000;929097,762590444;-9097,76259044395
"4627";780000;825104,743697416;-45104,743697416
"4631";450000;291497,649183736;158502,350816264
"4634";315000;732396,605608912;-417396,605608912
"4636";1345000;1413971,4855999;-68971,4855998959
"4640";250000;211267,411929495;38732,5880705048
"4657";610000;648581,061458794;-38581,0614587939
"4665";1447000;1706128,86281706;-259128,862817063
"4669";915000;1318648,13195131;-403648,131951308
"4671";601000;778894,294582507;-177894,294582507
"4672";707000;1065233,15895379;-358233,158953787
"4676";630000;633078,570982377;-3078,57098237704
"4678";1400000;952683,920847707;447316,079152293
"4681";585000;901384,239989794;-316384,239989794
"4686";605000;701179,92725799;-96179,9272579901
"4687";1500000;1579426,06450336;-79426,0645033608
"4689";1100000;1063645,99555823;36354,0044417675
"4691";955000;922016,929088159;32983,0709118408
"4693";420000;351379,479221663;68620,5207783375
"4697";1700000;1550973,36803959;149026,631960406
"4698";572000;550392,849631731;21607,1503682692
"4700";370000;126218,129429538;243781,870570462
"4702";800000;672746,562116402;127253,437883598
"4704";292000;641906,433410202;-349906,433410202
"4705";810000;993804,300356449;-183804,300356449
"4710";375000;102607,148085189;272392,851914811
"4712";655000;864733,558635199;-209733,558635199
"4713";1260000;1502436,24622649;-242436,246226488
"4721";1055000;1420046,55297293;-365046,552972934
"4727";820000;687365,396724869;132634,603275131
"4729";975000;1016380,10986857;-41380,1098685721
"4733";730000;374629,693204377;355370,306795623
"4740";849000;953465,397820935;-104465,397820935
"4744";2600000;2363737,3188278;236262,681172202
"4746";840000;627114,184063525;212885,815936475
"4747";1650000;1598289,96634492;51710,0336550833
"4750";665500;803410,678475942;-137910,678475942
"4757";825000;535103,326113935;289896,673886065
"4773";320000;673625,411420954;-353625,411420954
"4783";2300000;1903484,6010901;396515,398909903
"4784";1255000;1648926,70870727;-393926,708707266
"4786";1450000;1597560,83321251;-147560,833212513
"4790";1580000;1839241,62167357;-259241,62167357
"4792";380000;-30681,1374199501;410681,13741995
"4794";1470000;1073407,01984507;396592,980154928
"4796";1030000;916189,712965105;113810,287034895
"4801";1630100;1828105,20077047;-198005,200770469
"4807";630000;842749,74713397;-212749,74713397
"4808";565000;534348,175940196;30651,824059804
"4809";1565000;1640225,98753967;-75225,9875396746
"4810";600000;877651,478635989;-277651,478635989
"4811";850000;977692,543564785;-127692,543564785
"4814";680000;676181,595554114;3818,40444588615
"4819";856000;1567279,20923846;-711279,20923846
"4826";506000;494701,48262948;11298,5173705201
"4829";705000;708461,33444277;-3461,33444276953
"4830";645000;1046301,56474075;-401301,564740752
"4831";1500000;1370460,53026139;129539,469738606
"4838";470000;552503,264331233;-82503,2643312328
"4840";1328000;1455474,68757188;-127474,687571876
"4847";436000;280058,129061411;155941,870938589
"4850";905000;1255200,55750782;-350200,557507821
"4855";312000;527478,354554746;-215478,354554746
"4857";395000;663954,490402329;-268954,490402329
"4860";1335000;1254894,85653979;80105,1434602109
"4877";380000;515588,610705624;-135588,610705624
"4884";1100000;932483,849335183;167516,150664817
"4887";711000;938506,191242495;-227506,191242495
"4890";950000;1327297,11699869;-377297,116998695
"4893";962000;915231,742761713;46768,2572382875
"4896";340000;170187,842692091;169812,157307909
"4898";1300000;1631398,95408351;-331398,954083506
"4904";370000;241740,670238672;128259,329761328
"4910";940000;1238413,35575519;-298413,355755192
"4914";965000;1302107,79558723;-337107,795587226
"4923";445000;413952,292793861;31047,7072061386
"4924";522000;-220420,923230049;742420,923230049
"4927";1165000;1355394,52566097;-190394,525660968
"4932";845000;1278645,08631039;-433645,086310385
"4937";1540000;1282800,82211732;257199,177882684
"4938";718500;783824,666828274;-65324,6668282745
"4947";875000;960609,147349418;-85609,1473494184
"4949";855000;1161726,11489191;-306726,114891913
"4960";710000;533355,672551314;176644,327448686
"4967";482500;493444,927112353;-10944,9271123532
"4981";1630000;1377766,2384101;252233,761589903
"4983";600000;659727,247157204;-59727,2471572044
"4985";1238000;1590206,85966503;-352206,859665031
"4988";2000000;1584415,74205269;415584,257947309
"4991";420000;836030,751554375;-416030,751554375
"5000";1217500;1341400,38395009;-123900,383950087
"5001";1180000;1168690,89792362;11309,1020763787
"5002";550000;701179,92725799;-151179,92725799
"5011";305000;485508,241907524;-180508,241907524
"5027";650000;890356,553678476;-240356,553678476
"5028";1851000;1285663,43505946;565336,564940544
"5030";850000;883488,665334748;-33488,6653347481
"5036";430000;620139,371972308;-190139,371972308
"5042";897000;1069729,99414559;-172729,994145589
"5044";770000;1160981,74155763;-390981,741557631
"5057";980000;1424914,30770625;-444914,307706248
"5058";1035000;1015655,55774388;19344,4422561161
"5059";1127000;958515,662099701;168484,337900299
"5064";1271000;1252408,35756858;18591,6424314189
"5066";1435000;1693293,27096529;-258293,27096529
"5074";600000;373045,317506022;226954,682493978
"5075";1300000;1237666,00685568;62333,9931443201
"5079";4200000;2233291,51439464;1966708,48560536
"5084";1215000;1826509,63788033;-611509,637880327
"5091";715000;1145250,49997914;-430250,49997914
"5094";1665000;1957878,45441709;-292878,45441709
"5108";1720000;1902201,94454377;-182201,944543774
"5112";550000;905621,155518819;-355621,155518819
"5113";2000000;2260823,16035253;-260823,160352529
"5128";920000;922806,730369635;-2806,73036963493
"5134";1690000;1387146,62521851;302853,374781489
"5135";270000;255012,240597097;14987,7594029033
"5142";495000;671377,426999785;-176377,426999785
"5147";1365000;1299747,27385437;65252,7261456302
"5149";670000;583146,16445525;86853,8355447496
"5150";800000;582661,962135954;217338,037864046
"5151";693000;1212101,56325606;-519101,56325606
"5152";916000;917914,377334538;-1914,37733453768
"5157";607000;861194,721544519;-254194,721544519
"5162";620000;1002198,60632613;-382198,606326131
"5163";470000;289524,406861436;180475,593138564
"5164";800000;869949,642045781;-69949,642045781
"5165";580000;27165,6421253146;552834,357874685
"5167";1620000;1305820,56308707;314179,436912935
"5170";1785000;1986789,35749512;-201789,357495122
"5183";1042500;1144888,85523313;-102388,855233127
"5186";240000;718021,137632474;-478021,137632474
"5188";843000;918238,459736675;-75238,4597366746
"5189";1485000;1661000,66498746;-176000,664987459
"5190";1310000;1492333,47542137;-182333,475421373
"5194";961000;1251712,13785664;-290712,137856643
"5197";2960000;1996044,81166638;963955,188333623
"5199";4735000;2171205,0703698;2563794,9296302
"5201";2000000;1766210,70923822;233789,290761776
"5208";1300000;881722,641192162;418277,358807838
"5209";895000;1220565,29007522;-325565,290075218
"5219";740000;647922,145932196;92077,8540678044
"5222";591500;742198,940809832;-150698,940809832
"5225";1100000;1471369,11809289;-371369,118092887
"5227";757000;1073349,36767824;-316349,36767824
"5231";1750000;2279273,97218199;-529273,972181994
"5233";1000000;1124466,88474879;-124466,884748787
"5244";1037500;1134852,80426616;-97352,8042661608
"5245";1770000;1450603,71482033;319396,285179671
"5247";1420000;1124152,65982916;295847,340170838
"5252";1500000;1378521,15821664;121478,841783357
"5253";820000;899841,974857485;-79841,9748574852
"5254";340000;-31949,6408819845;371949,640881984
"5263";1472500;1492134,55550368;-19634,5555036759
"5265";765000;793415,839408511;-28415,8394085107
"5272";876000;771957,141450339;104042,858549661
"5274";790000;1211251,39183838;-421251,391838384
"5281";1891000;1597906,5753341;293093,424665901
"5284";840000;926753,034675865;-86753,0346758647
"5285";1045000;1080340,1040954;-35340,1040954038
"5294";848000;884555,98114949;-36555,98114949
"5295";820000;582626,884091859;237373,115908141
"5298";320000;626473,113890263;-306473,113890263
"5300";1600000;1450147,81738983;149852,182610174
"5302";885000;779718,391384393;105281,608615607
"5304";1010000;1209398,7968896;-199398,796889596
"5314";1582000;1432755,53111728;149244,468882718
"5317";1550000;2107276,91311268;-557276,913112681
"5327";470000;45094,0529431244;424905,947056876
"5334";1225000;1308803,11284903;-83803,1128490346
"5335";3470000;2192902,75427621;1277097,24572379
"5347";480000;262384,607207032;217615,392792968
"5348";812000;550358,73731444;261641,26268556
"5355";400000;362591,296493848;37408,7035061524
"5360";1275000;770815,039266886;504184,960733114
"5361";1420000;1535536,88699899;-115536,886998993
"5362";995000;1346260,93541512;-351260,935415123
"5365";584000;1318904,90494326;-734904,904943257
"5369";1300000;1245368,66982124;54631,3301787623
"5371";1075000;1146736,19689197;-71736,1968919658
"5374";840000;876242,595589749;-36242,5955897488
"5377";725000;1015367,44530478;-290367,445304783
"5379";521000;372156,223615739;148843,776384261
"5381";1415000;1449693,14329223;-34693,1432922331
"5384";1075000;791661,524615519;283338,475384481
"5388";1740000;1852952,90728012;-112952,907280117
"5393";1100000;1609148,24053151;-509148,240531508
"5398";535600;447437,639721312;88162,360278688
"5399";645000;444846,822433687;200153,177566313
"5404";810000;876958,555260638;-66958,5552606378
"5405";2100000;1999893,82262533;100106,177374673
"5411";608000;609815,974162276;-1815,97416227614
"5413";1100000;1355323,48283322;-255323,482833219
"5418";260000;160740,613223972;99259,3867760277
"5419";610000;746148,922032666;-136148,922032666
"5421";1450000;769649,936891806;680350,063108194
"5422";622500;1330583,85441024;-708083,854410235
"5428";675000;1064598,30833245;-389598,308332445
"5435";925000;1200435,39721046;-275435,397210464
"5438";450000;650001,318885544;-200001,318885544
"5442";665000;779505,262901147;-114505,262901147
"5444";520000;825378,086406243;-305378,086406243
"5456";480000;544591,613923394;-64591,6139233941
"5457";830000;821815,594435811;8184,40556418872
"5458";795000;922597,510177286;-127597,510177286
"5463";1475000;1750399,85824876;-275399,858248763
"5467";1350000;1027345,04777999;322654,952220014
"5471";650000;549193,55673242;100806,44326758
"5479";1080000;1081997,15864448;-1997,15864448226
"5482";733000;617724,678912264;115275,321087736
"5484";1716000;1364644,4073949;351355,592605099
"5486";716000;1002616,8748596;-286616,874859602
"5494";610000;1136362,59030346;-526362,590303461
"5499";720000;829408,89719732;-109408,89719732
"5506";485000;473676,798643659;11323,2013563411
"5508";2001000;1951356,95167057;49643,048329425
"5510";900400;968764,548789141;-68364,5487891408
"5512";2870000;1804896,44937607;1065103,55062393
"5514";1310000;1216701,21061327;93298,7893867309
"5520";1120000;1495410,44421428;-375410,444214282
"5523";1370000;1214361,21008545;155638,789914552
"5532";1600000;1287723,67706417;312276,322935828
"5536";1050000;1194993,41970557;-144993,419705573
"5539";495000;105274,244448783;389725,755551217
"5540";1115000;1077731,97748128;37268,0225187212
"5541";366000;474682,150487859;-108682,150487859
"5543";590000;413952,292793861;176047,707206139
"5546";638000;872795,23623307;-234795,23623307
"5549";1920000;1711954,37469247;208045,625307534
"5554";695000;764494,913048957;-69494,9130489565
"5555";1300000;1395708,18257056;-95708,182570559
"5561";855000;1352910,21259302;-497910,212593024
"5565";990000;1402154,57458658;-412154,57458658
"5571";1200000;1303165,11265797;-103165,112657969
"5574";801000;738272,456694672;62727,5433053283
"5575";360000;425369,225337509;-65369,2253375093
"5583";1300000;1435770,92399568;-135770,923995683
"5591";1905000;1767741,15893395;137258,841066054
"5592";3550000;2172170,32469595;1377829,67530405
"5595";1486000;1146281,52279437;339718,477205627
"5596";928000;1141582,2875961;-213582,287596102
"5598";962000;843746,195968937;118253,804031063
"5610";3250000;2051111,3427036;1198888,6572964
"5611";975000;1435003,661456;-460003,661455995
"5612";380000;647879,80806583;-267879,80806583
"5616";1450000;1751150,75355068;-301150,753550685
"5617";650000;897176,365726806;-247176,365726806
"5620";778500;772510,379735049;5989,62026495114
"5621";587134;525462,199000864;61671,8009991364
"5624";480000;529815,579416191;-49815,5794161907
"5625";455000;474123,765548644;-19123,765548644
"5631";1800000;1596072,77651188;203927,223488125
"5634";1220000;1146878,28254746;73121,7174525363
"5635";750000;872795,23623307;-122795,23623307
"5643";1036500;1378009,64985685;-341509,649856852
"5650";410000;527478,354554746;-117478,354554746
"5651";1297000;1525208,99755994;-228208,997559943
"5655";800000;793068,885591101;6931,1144088991
"5671";712500;1141426,838592;-428926,838592002
"5672";525000;1175590,64730507;-650590,647305068
"5678";890000;796281,050886298;93718,9491137018
"5679";1040000;1380768,3383527;-340768,338352702
"5680";985000;1033241,28229945;-48241,2822994543
"5682";920000;1105560,81671805;-185560,816718051
"5685";921000;926597,055053686;-5597,05505368602
"5690";1600000;1816670,16105568;-216670,161055676
"5693";520000;693343,09045535;-173343,09045535
"5696";685000;627618,409115058;57381,5908849416
"5697";820000;847612,389153978;-27612,3891539779
"5698";1550000;1456928,33904168;93071,660958319
"5699";1405000;1071172,72781871;333827,272181292
"5700";1610000;1408468,59097719;201531,40902281
"5718";3225000;1978392,99040094;1246607,00959906
"5723";1715000;1294051,65298807;420948,34701193
"5729";851500;772358,354429617;79141,6455703834
"5733";820000;1010272,74813062;-190272,748130624
"5734";487500;851175,958635214;-363675,958635214
"5737";2950000;1847648,72107826;1102351,27892174
"5744";660000;687805,540421866;-27805,5404218656
"5745";561000;994985,790639977;-433985,790639977
"5751";1260000;1409295,32113497;-149295,321134973
"5754";415000;-31121,6029519928;446121,602951993
"5765";420000;474682,150487859;-54682,1504878592
"5767";1155000;1339608,08103;-184608,08103
"5771";358500;-13438,9770585491;371938,977058549
"5772";1199000;1054493,41201112;144506,587988877
"5776";2050000;1148699,71123604;901300,288763964
"5784";811000;1203223,55230277;-392223,552302769
"5786";1025000;1011652,74044714;13347,2595528578
"5787";835000;915919,75021966;-80919,7502196596
"5790";928000;2071465,62096475;-1143465,62096475
"5795";262500;72193,9969007695;190306,003099231
"5796";793000;840080,386057098;-47080,3860570979
"5797";1170000;1415465,83823485;-245465,83823485
"5801";2560000;1702054,40299442;857945,597005576
"5805";1780000;1307079,3763318;472920,623668198
"5807";555000;566342,590715501;-11342,590715501
"5809";1130000;913376,416986252;216623,583013748
"5813";937000;1230161,07146434;-293161,071464344
"5817";584000;673666,679451806;-89666,679451806
"5819";1370000;1240400,74651108;129599,253488925
"5823";900000;745662,586244216;154337,413755784
"5824";1400000;1401107,77603706;-1107,77603706042
"5830";927000;871664,152828245;55335,8471717548
"5838";831000;1166647,52051947;-335647,520519473
"5839";619000;402528,607176241;216471,392823759
"5846";975000;896431,499398476;78568,5006015245
"5855";2081000;2365677,89005412;-284677,890054122
"5861";1200000;1484695,14808725;-284695,148087254
"5870";932000;905548,675219914;26451,3247800861
"5871";482300;683951,67571287;-201651,67571287
"5873";1191000;567216,739621215;623783,260378785
"5875";670000;776116,829258909;-106116,829258909
"5876";735000;913322,123564278;-178322,123564278
"5878";2800000;2059292,04025387;740707,959746129
"5881";600000;1281549,63383885;-681549,633838852
"5883";1075000;898370,41740992;176629,58259008
"5884";845000;886827,678238942;-41827,6782389421
"5904";931000;285098,760817089;645901,239182911
"5905";810000;777382,717813287;32617,2821867132
"5908";281000;513630,618408375;-232630,618408375
"5916";556000;95621,6287974568;460378,371202543
"5919";520000;308233,418059554;211766,581940446
"5920";820000;1152199,90405355;-332199,90405355
"5921";1830000;1572066,81909844;257933,180901557
"5924";502000;268648,818217059;233351,181782941
"5926";517500;986299,221475948;-468799,221475948
"5927";1255000;1226302,47885297;28697,5211470253
"5929";920000;1013199,71263387;-93199,7126338747
"5940";612000;994985,790639977;-382985,790639977
"5947";400000;264422,165757587;135577,834242413
"5948";951000;1145286,69506852;-194286,695068521
"5955";610000;938261,770254948;-328261,770254948
"5960";4000000;1035970,53949278;2964029,46050722
"5969";1650000;2175338,01297676;-525338,012976761
"5971";580000;583117,747324151;-3117,74732415075
"5972";1225000;1572119,18275332;-347119,182753318
"5975";85000;192558,351628453;-107558,351628453
